name,phoneNumber,email,address,userAgent,hexcolor
"Prof. Gerardo Deckow V",1-546-917-4181,vstanton@torp.com,"77867 Spencer Springs
Wolfffort, MI 81454-5470","Mozilla/5.0 (iPhone; CPU iPhone OS 8_0_2 like Mac OS X; en-US) AppleWebKit/534.43.1 (KHTML, like Gecko) Version/3.0.5 Mobile/8B112 Safari/6534.43.1",#2b2a00
"Randall Auer",+1.891.286.4890,presley.bayer@hotmail.com,"59401 Langworth Oval
Adonishaven, GA 83685-7247","Opera/9.60 (Windows NT 5.01; sl-SI) Presto/2.10.264 Version/10.00",#1bddc4
"Ms. Tianna Veum DVM",+1-902-701-7503,ruth.langosh@gmail.com,"41783 Leffler Prairie
Mantemouth, OK 76509-1082","Opera/9.22 (X11; Linux i686; en-US) Presto/2.11.302 Version/11.00",#bbadc3
"Ross Barrows",+1-791-853-9132,jensen.terry@yahoo.com,"63419 Jacobi Inlet Apt. 230
Taniashire, PA 93167","Mozilla/5.0 (X11; Linux x86_64; rv:5.0) Gecko/20211015 Firefox/37.0",#a1a5cd
"Ernie Haag",254-757-5593,heidenreich.eula@abbott.org,"85627 Kiley Walks Suite 719
West Caden, AK 02507","Opera/9.20 (Windows 98; Win 9x 4.90; sl-SI) Presto/2.8.328 Version/11.00",#1983b0
"Flossie Tillman",1-920-896-7765,rey21@rutherford.net,"9168 Quigley Square
North Ramon, CT 35989","Mozilla/5.0 (Macintosh; U; Intel Mac OS X 10_8_7 rv:6.0; en-US) AppleWebKit/533.18.1 (KHTML, like Gecko) Version/5.0 Safari/533.18.1",#04477e
"Dr. Russel Funk Jr.",+1-289-458-9602,kennith33@abshire.net,"77880 Parisian Valleys Apt. 270
Josemouth, ND 95732-7063","Mozilla/5.0 (Macintosh; U; PPC Mac OS X 10_8_8) AppleWebKit/5341 (KHTML, like Gecko) Chrome/40.0.862.0 Mobile Safari/5341",#f0ebb6